id,speed
0,47.111820220947266
1,46.61626434326172
2,38.43398666381836
3,30.482648849487305
4,41.27989959716797
5,29.6165771484375
6,22.29999351501465
7,48.72319030761719
8,47.316253662109375
9,31.1117000579834
10,29.418630599975586
11,22.2709903717041
12,22.624530792236328
13,20.988750457763672
14,26.795412063598633
15,38.83757400512695
16,39.98491287231445
17,43.686988830566406
18,48.15592575073242
19,47.857521057128906
20,45.904258728027344
21,43.16893005371094
22,19.846607208251953
23,28.671287536621094
24,25.892833709716797
25,20.238754272460938
26,21.56287956237793
27,18.445079803466797
28,15.014094352722168
29,12.439606666564941
30,25.587060928344727
31,44.11611557006836
32,48.85395431518555
33,28.210241317749023
34,27.568037033081055
35,24.8325252532959
36,21.53765869140625
37,22.284318923950195
38,45.91796875
39,41.24846649169922
40,44.329288482666016
41,47.41746139526367
42,48.31341552734375
43,44.23123550415039
44,20.65300941467285
45,19.32084846496582
46,19.5031795501709
47,12.170394897460938
48,43.983055114746094
49,47.96283721923828
50,48.325927734375
51,25.52771759033203
52,22.02705192565918
53,18.301664352416992
54,18.171375274658203
55,18.002704620361328
56,16.779138565063477
57,16.311481475830078
58,24.25519561767578
59,35.19720458984375
60,41.909366607666016
61,40.81733703613281
62,40.89480209350586
63,41.01622772216797
64,42.580570220947266
65,48.33811950683594
66,47.57318878173828
67,45.31441116333008
68,41.83579635620117
69,23.714351654052734
70,19.497665405273438
71,19.192142486572266
72,16.26592254638672
73,16.76275062561035
74,14.539073944091797
75,8.908736228942871
76,42.78281784057617
77,37.370121002197266
78,42.837284088134766
79,47.025081634521484
80,14.140563011169434
81,15.076732635498047
82,22.295757293701172
83,16.789505004882812
84,16.20138931274414
85,12.513494491577148
86,19.842487335205078
87,35.314029693603516
88,44.521728515625
89,39.757686614990234
90,48.8271484375
91,47.9610710144043
92,46.899688720703125
93,45.73575973510742
94,28.246524810791016
95,15.571444511413574
96,24.537755966186523
97,12.41464900970459
98,11.697020530700684
99,21.631650924682617
100,37.65086364746094
101,47.49208068847656
102,15.701205253601074
103,18.17790985107422
104,14.972280502319336
105,43.01975631713867
106,36.08818817138672
107,48.15609359741211
108,43.71894454956055
109,14.840502738952637
110,10.83580207824707
111,10.535185813903809
112,21.167924880981445
113,35.84974670410156
114,38.80152893066406
115,48.2352409362793
116,48.144859313964844
117,41.04845428466797
118,26.668127059936523
119,23.352859497070312
120,19.94158935546875
121,16.192302703857422
122,32.809486389160156
123,47.34147262573242
124,46.69817352294922
125,40.433448791503906
126,41.36329650878906
127,36.31863021850586
128,42.70928955078125
129,30.879369735717773
130,49.30405807495117
131,46.76877975463867
132,46.076087951660156
133,25.600141525268555
134,21.14751625061035
135,21.57280921936035
136,38.69430923461914
137,44.61038589477539
138,48.96404266357422
139,47.34499740600586
140,46.60129165649414
141,43.48515701293945
142,28.21953010559082
143,14.83760929107666
144,20.651151657104492
145,18.617828369140625
146,15.417394638061523
147,48.665225982666016
148,49.039730072021484
149,47.61777114868164
150,47.231842041015625
151,15.239302635192871
152,16.42882537841797
153,14.297258377075195
154,8.38360595703125
155,20.803741455078125
156,35.20809555053711
157,41.431365966796875
158,34.474449157714844
159,40.46527099609375
160,48.114871978759766
161,48.71746826171875
162,48.25310516357422
163,47.39170455932617
164,44.0354118347168
165,28.207971572875977
166,15.256368637084961
167,19.508241653442383
168,16.938735961914062
169,17.646146774291992
170,12.04630184173584
171,11.437787055969238
172,43.749698638916016
173,48.511688232421875
174,43.448326110839844
175,26.538532257080078
176,22.42683982849121
177,16.784992218017578
178,17.656274795532227
179,9.35853385925293
180,44.34579849243164
181,48.21951675415039
182,48.89683532714844
183,48.90808868408203
184,39.29266357421875
185,17.378782272338867
186,17.35936164855957
187,36.29890823364258
188,29.706558227539062
189,46.810794830322266
190,43.162010192871094
191,43.340755462646484
192,36.86246109008789
193,37.139434814453125
194,34.90184020996094
195,35.10144805908203
196,35.81570816040039
197,39.910194396972656
198,38.10751724243164
199,49.020713806152344
200,47.165836334228516
201,26.939680099487305
202,24.365983963012695
203,17.92768096923828
204,18.03851318359375
205,17.7860107421875
206,36.7682991027832
207,37.48392105102539
208,48.633304595947266
209,48.9374885559082
210,47.063175201416016
211,46.327117919921875
212,27.744977951049805
213,15.386131286621094
214,24.150789260864258
215,22.727109909057617
216,16.00899887084961
217,21.867355346679688
218,43.25379180908203
219,47.478179931640625
220,46.16862487792969
221,44.209163665771484
222,28.387006759643555
223,14.328170776367188
224,9.96978759765625
225,21.897401809692383
226,40.913700103759766
227,48.24680709838867
228,14.774770736694336
229,23.51399040222168
230,17.77350616455078
231,16.263120651245117
232,40.93565368652344
233,47.73687744140625
234,46.75933837890625
235,18.634057998657227
236,23.598766326904297
237,19.788957595825195
238,21.86248207092285
239,43.125274658203125
240,38.409812927246094
241,42.83528518676758
242,47.91999053955078
243,49.079078674316406
244,47.93255615234375
245,48.285797119140625
246,26.49523162841797
247,22.56415557861328
248,22.558223724365234
249,21.363065719604492
250,20.085660934448242
251,30.15287971496582
252,41.07312774658203
253,29.93573570251465
254,30.036579132080078
255,46.60080337524414
256,46.38901138305664
257,45.71254348754883
258,43.67000961303711
259,41.861602783203125
260,41.43459701538086
261,38.189701080322266
262,37.724571228027344
263,42.30989456176758
264,29.312484741210938
265,36.269622802734375
266,48.000389099121094
267,43.66905975341797
268,16.874343872070312
269,20.781455993652344
270,18.92519760131836
271,18.476919174194336
272,17.98348045349121
273,13.366762161254883
274,43.974525451660156
275,47.360965728759766
276,47.90464782714844
277,46.73992919921875
278,27.55014419555664
279,13.62537670135498
280,14.832793235778809
281,21.712263107299805
282,19.964662551879883
283,15.593774795532227
284,12.451981544494629
285,11.023744583129883
286,47.24525833129883
287,47.242271423339844
288,13.212323188781738
289,17.520620346069336
290,16.39404296875
291,12.072759628295898
292,11.881203651428223
293,20.533306121826172
294,44.27548599243164
295,48.5556755065918
296,47.796836853027344
297,34.20359802246094
298,20.48969268798828
299,31.44951820373535
300,25.74265480041504
301,20.574214935302734
302,23.029369354248047
303,43.288726806640625
304,43.3086051940918
305,48.816261291503906
306,47.656646728515625
307,48.009552001953125
308,44.441192626953125
309,31.511314392089844
310,22.253101348876953
311,12.404863357543945
312,43.53428649902344
313,37.641624450683594
314,43.438838958740234
315,48.515289306640625
316,46.572635650634766
317,38.14569854736328
318,33.958805084228516
319,34.064762115478516
320,45.259151458740234
321,47.15860366821289
322,46.150577545166016
323,45.51932907104492
324,43.832889556884766
325,42.838706970214844
326,44.002559661865234
327,41.7569694519043
328,42.22783279418945
329,38.31488037109375
330,37.59906005859375
331,41.14906311035156
332,41.66756057739258
333,33.7284049987793
334,33.607215881347656
335,39.83990478515625
336,46.899200439453125
337,46.666542053222656
338,15.089451789855957
339,21.341148376464844
340,21.37086296081543
341,21.896240234375
342,44.07301330566406
343,44.43625259399414
344,49.005374908447266
345,47.99256896972656
346,47.23223114013672
347,17.86862564086914
348,37.05568313598633
349,49.537601470947266
350,48.6313591003418
351,47.961090087890625
352,30.966856002807617
353,16.28766632080078
354,23.766407012939453
355,18.6378173828125
356,15.602642059326172
357,23.951045989990234
358,39.58406066894531
359,44.54678726196289
360,43.697547912597656
361,49.683265686035156
362,18.016016006469727
363,24.68094253540039
364,19.173954010009766
365,16.846162796020508
366,12.938313484191895
367,22.56671142578125
368,44.810367584228516
369,49.47039031982422
370,48.18812942504883
371,47.63700485229492
372,46.73419952392578
373,19.640274047851562
374,20.068159103393555
375,11.31448745727539
376,22.461570739746094
377,38.687538146972656
378,43.72624588012695
379,48.46206283569336
380,29.039796829223633
381,17.703996658325195
382,14.69265365600586
383,35.23109436035156
384,48.40599060058594
385,47.709632873535156
386,47.22824478149414
387,43.38774490356445
388,40.844459533691406
389,38.98347473144531
390,35.46951675415039
391,34.59563446044922
392,48.56352233886719
393,48.99949264526367
394,47.304931640625
395,18.245677947998047
396,19.89978790283203
397,25.304183959960938
398,23.018404006958008
399,18.511592864990234
400,10.992295265197754
401,36.54692459106445
402,36.79241180419922
403,48.68938446044922
404,46.908870697021484
405,44.42258071899414
406,30.179141998291016
407,20.06093406677246
408,19.156646728515625
409,17.73663902282715
410,16.37152862548828
411,11.48411750793457
412,44.504085540771484
413,36.67578887939453
414,43.04352569580078
415,48.33863830566406
416,47.68123245239258
417,47.4636344909668
418,46.85896682739258
419,30.281538009643555
420,15.629122734069824
421,11.017464637756348
422,43.118587493896484
423,34.68531036376953
424,48.90775680541992
425,49.27866744995117
426,45.48465347290039
427,30.63375473022461
428,24.74936294555664
429,41.319950103759766
430,43.227745056152344
431,47.1304931640625
432,46.805091857910156
433,44.357757568359375
434,31.47686004638672
435,32.07485580444336
436,25.656137466430664
437,22.21722984313965
438,45.55215072631836
439,47.39374542236328
440,47.56411361694336
441,40.72038650512695
442,38.598297119140625
443,37.408145904541016
444,38.35597610473633
445,42.268062591552734
446,34.90235137939453
447,42.473201751708984
448,46.90448760986328
449,46.49074935913086
450,45.55952072143555
451,43.94047164916992
452,42.85517883300781
453,42.52480697631836
454,42.09660339355469
455,40.86943435668945
456,39.6112174987793
457,43.63913345336914
458,47.351158142089844
459,48.41587448120117
460,38.26918029785156
461,24.416696548461914
462,25.58525848388672
463,25.172704696655273
464,32.734100341796875
465,38.007537841796875
466,47.73957824707031
467,48.23897933959961
468,47.28312301635742
469,45.67829895019531
470,20.562091827392578
471,24.812950134277344
472,23.914159774780273
473,20.65781593322754
474,15.042440414428711
475,20.39499855041504
476,48.18462371826172
477,45.9774284362793
478,31.3418025970459
479,23.521474838256836
480,22.288326263427734
481,19.128957748413086
482,23.905794143676758
483,47.7060432434082
484,47.06563949584961
485,46.557743072509766
486,28.868518829345703
487,30.42628288269043
488,23.370969772338867
489,15.515904426574707
490,13.818544387817383
491,38.83485794067383
492,43.93363571166992
493,47.91370391845703
494,47.55467987060547
495,46.74250411987305
496,18.919902801513672
497,26.946346282958984
498,38.0792350769043
499,48.420440673828125
500,48.91290283203125
501,49.04761505126953
502,48.85452651977539
503,48.11573791503906
504,32.619075775146484
505,30.037370681762695
506,24.9720401763916
507,23.34649658203125
508,22.323198318481445
509,42.28656005859375
510,46.479488372802734
511,46.50143051147461
512,45.8559455871582
513,45.73175048828125
514,44.141685485839844
515,44.02078628540039
516,45.57548522949219
517,41.77216720581055
518,47.43804931640625
519,46.581947326660156
520,19.101917266845703
521,26.46810531616211
522,20.94353675842285
523,20.47879981994629
524,15.156044960021973
525,45.830997467041016
526,48.31120681762695
527,48.5224723815918
528,47.367183685302734
529,30.75193977355957
530,19.053329467773438
531,21.573728561401367
532,19.261680603027344
533,14.91121768951416
534,13.960090637207031
535,46.74263000488281
536,28.129270553588867
537,16.724218368530273
538,18.679279327392578
539,19.331708908081055
540,13.68808650970459
541,13.472768783569336
542,45.02699661254883
543,42.97240447998047
544,47.09260940551758
545,43.5921516418457
546,13.325746536254883
547,18.347700119018555
548,19.82948112487793
549,18.913694381713867
550,17.145606994628906
551,36.72214889526367
552,41.98877716064453
553,48.179176330566406
554,47.451419830322266
555,43.97378921508789
556,27.27627944946289
557,18.491880416870117
558,23.628835678100586
559,22.473121643066406
560,19.493423461914062
561,20.538082122802734
562,19.63639259338379
563,17.952777862548828
564,15.419225692749023
565,12.820520401000977
566,44.8252067565918
567,40.32378005981445
568,43.664268493652344
569,49.045780181884766
570,48.828243255615234
571,31.680583953857422
572,41.893856048583984
573,46.78959655761719
574,46.865604400634766
575,47.16968536376953
576,46.66320037841797
577,43.51443862915039
578,40.028564453125
579,41.83453369140625
580,42.50484848022461
581,37.80714416503906
582,48.35365676879883
583,48.38710021972656
584,15.799860000610352
585,17.79160499572754
586,24.90166664123535
587,24.3433895111084
588,19.510414123535156
589,17.35500144958496
590,18.98734474182129
591,18.12590980529785
592,45.098876953125
593,48.14103317260742
594,48.5600700378418
595,46.55268478393555
596,44.22616958618164
597,28.519990921020508
598,23.313804626464844
599,18.31644630432129
600,13.38253402709961
601,47.72098159790039
602,47.13312530517578
603,44.30598068237305
604,15.293500900268555
605,19.11236000061035
606,39.93351364135742
607,41.51687240600586
608,47.32208251953125
609,47.99049758911133
610,46.48457717895508
611,45.96189880371094
612,42.10061264038086
613,14.756486892700195
614,19.373353958129883
615,15.127639770507812
616,14.785125732421875
617,16.316370010375977
618,11.79934024810791
619,18.139223098754883
620,42.72317886352539
621,50.20000457763672
622,49.717777252197266
623,48.35717010498047
624,45.461368560791016
625,29.486940383911133
626,19.425048828125
627,16.046611785888672
628,18.065414428710938
629,12.181497573852539
630,20.874828338623047
631,49.55538558959961
632,48.406700134277344
633,46.92802429199219
634,42.21921920776367
635,27.553646087646484
636,21.23177146911621
637,47.987457275390625
638,48.17630386352539
639,47.658565521240234
640,41.417877197265625
641,42.72401428222656
642,41.948219299316406
643,39.75275421142578
644,37.58689880371094
645,40.20563507080078
646,39.46254348754883
647,48.38458251953125
648,48.76016616821289
649,47.795318603515625
650,44.3828239440918
651,16.013511657714844
652,17.927610397338867
653,11.624185562133789
654,22.505739212036133
655,48.16839599609375
656,48.562400817871094
657,48.07147979736328
658,47.0120735168457
659,46.48987579345703
660,43.71578598022461
661,17.614036560058594
662,23.638723373413086
663,16.399797439575195
664,17.703956604003906
665,16.974720001220703
666,15.580689430236816
667,10.950067520141602
668,43.16962814331055
669,37.64498519897461
670,42.570167541503906
671,47.10826110839844
672,43.535682678222656
673,21.7457275390625
674,18.813514709472656
675,35.49917221069336
676,47.81484603881836
677,47.25432586669922
678,46.65092849731445
679,13.108182907104492
680,22.031879425048828
681,18.424062728881836
682,17.683734893798828
683,15.535481452941895
684,43.72073745727539
685,48.248958587646484
686,47.43101119995117
687,47.287147521972656
688,44.47138595581055
689,26.325468063354492
690,14.67866039276123
691,19.35013198852539
692,16.795434951782227
693,15.322457313537598
694,49.1157112121582
695,48.37056350708008
696,39.367488861083984
697,27.43552017211914
698,24.312803268432617
699,19.78232192993164
700,17.329713821411133
701,18.08365821838379
702,37.480812072753906
703,45.9166374206543
704,47.90646743774414
705,47.686492919921875
706,46.82223892211914
707,46.17677688598633
708,42.985469818115234
709,42.26593017578125
710,40.78103256225586
711,40.493717193603516
712,40.53358459472656
713,39.789764404296875
714,36.20957565307617
715,43.91378402709961
716,37.32961654663086
717,44.60764694213867
718,47.54397201538086
719,27.508556365966797
720,15.107641220092773
721,11.005032539367676
722,9.449241638183594
723,43.22172546386719
724,43.40289306640625
725,47.03028869628906
726,46.5924072265625
727,27.219829559326172
728,16.629392623901367
729,15.91299057006836
730,10.384933471679688
731,43.00067901611328
732,47.736083984375
733,48.30869674682617
734,43.81709671020508
735,11.400542259216309
736,14.396873474121094
737,12.26318073272705
738,11.938427925109863
739,7.964847564697266
740,35.22279739379883
741,43.39280700683594
742,48.20847702026367
743,48.414093017578125
744,48.1778564453125
745,27.375133514404297
746,16.6993408203125
747,19.94878578186035
748,19.869569778442383
749,16.989051818847656
750,15.493038177490234
751,15.755666732788086
752,43.65850830078125
753,48.335819244384766
754,47.989715576171875
755,47.089576721191406
756,46.60847091674805
757,14.961100578308105
758,18.39004135131836
759,16.408214569091797
760,16.40825653076172
761,11.453763961791992
762,23.232131958007812
763,44.866180419921875
764,39.24618911743164
765,43.78215789794922
766,48.8486328125
767,48.24478530883789
768,40.57917785644531
769,20.70232582092285
770,17.449077606201172
771,17.997913360595703
772,30.827058792114258
773,47.370872497558594
774,47.20726013183594
775,47.29062271118164
776,46.48814010620117
777,45.971290588378906
778,40.480987548828125
779,38.1218376159668
780,48.384429931640625
781,48.50887680053711
782,47.53490447998047
783,13.675434112548828
784,16.05112075805664
785,16.488672256469727
786,15.373210906982422
787,15.732857704162598
788,10.370278358459473
789,22.4664306640625
790,48.418914794921875
791,48.65994644165039
792,47.37743377685547
793,48.20868682861328
794,20.19997787475586
795,19.707592010498047
796,15.673810958862305
797,10.423256874084473
798,22.272375106811523
799,46.80865478515625
800,27.812789916992188
801,12.934309959411621
802,16.32083511352539
803,14.739473342895508
804,13.80469799041748
805,10.730881690979004
806,35.706298828125
807,42.92612075805664
808,48.45738220214844
809,47.705078125
810,47.498252868652344
811,46.97576141357422
812,27.29906463623047
813,12.810328483581543
814,21.15591812133789
815,19.375076293945312
816,16.674264907836914
817,40.72104263305664
818,32.40513229370117
819,49.7047004699707
820,47.74626159667969
821,33.722877502441406
822,38.38669967651367
823,28.133211135864258
824,27.492328643798828
825,27.0000057220459
826,48.59305191040039
827,48.07992172241211
828,42.44723892211914
829,38.78525924682617
830,37.66956329345703
831,36.76521682739258
832,43.16695785522461
833,44.26839065551758
834,47.827659606933594
835,47.81520462036133
836,44.46330642700195
837,42.17679214477539
838,39.54249572753906
839,39.31318664550781
840,47.81739044189453
841,48.12702178955078
842,47.14461135864258
843,37.319400787353516
844,28.272733688354492
845,23.066448211669922
846,32.294254302978516
847,38.06821823120117
848,48.2542724609375
849,48.531402587890625
850,48.23929977416992
851,16.81557846069336
852,24.810585021972656
853,23.47022819519043
854,19.932537078857422
855,20.654531478881836
856,18.114900588989258
857,39.278846740722656
858,43.839603424072266
859,48.42959213256836
860,48.25687026977539
861,47.75413131713867
862,15.94112491607666
863,24.503196716308594
864,21.468503952026367
865,19.463212966918945
866,25.054874420166016
867,46.278934478759766
868,41.376766204833984
869,48.751983642578125
870,47.12501525878906
871,34.68073654174805
872,27.710437774658203
873,23.4556941986084
874,43.599185943603516
875,46.38029861450195
876,48.611602783203125
877,48.269466400146484
878,47.58470916748047
879,18.809871673583984
880,12.929304122924805
881,11.166078567504883
882,22.788530349731445
883,45.64313888549805
884,40.79188919067383
885,47.85289764404297
886,48.82896041870117
887,48.32070541381836
888,48.83918380737305
889,48.318790435791016
890,42.23029327392578
891,26.70822525024414
892,23.22504234313965
893,23.961345672607422
894,36.58942794799805
895,47.697147369384766
896,44.25897216796875
897,42.58732604980469
898,42.81172180175781
899,41.16958236694336
900,46.139225006103516
901,48.74922180175781
902,47.42485046386719
903,27.643205642700195
904,14.27982234954834
905,17.596282958984375
906,22.08959197998047
907,18.173606872558594
908,16.21942901611328
909,11.843948364257812
910,34.1229362487793
911,42.68712615966797
912,47.508724212646484
913,47.101226806640625
914,46.63044738769531
915,23.865753173828125
916,23.428613662719727
917,17.862308502197266
918,18.778593063354492
919,12.62314224243164
920,47.49528503417969
921,48.28263854980469
922,47.362701416015625
923,14.037066459655762
924,23.408201217651367
925,22.162059783935547
926,15.787243843078613
927,17.037260055541992
928,11.294520378112793
929,10.3618803024292
930,22.33920669555664
931,37.683223724365234
932,44.85371780395508
933,47.4697380065918
934,15.397196769714355
935,17.74296760559082
936,18.61617088317871
937,16.863204956054688
938,11.875761985778809
939,20.04572296142578
940,44.36039352416992
941,48.58934020996094
942,48.49713897705078
943,47.4263916015625
944,47.00261688232422
945,27.730854034423828
946,15.07563591003418
947,23.7702693939209
948,21.68198585510254
949,15.384305000305176
950,44.134517669677734
951,47.91220474243164
952,48.706417083740234
953,46.311397552490234
954,40.46424102783203
955,21.89000701904297
956,22.56212615966797
957,14.671453475952148
958,35.93918228149414
959,32.30961227416992
960,45.572021484375
961,47.86545944213867
962,47.889644622802734
963,46.25587463378906
964,46.46895980834961
965,45.565406799316406
966,44.903133392333984
967,42.39046096801758
968,42.243736267089844
969,42.14686584472656
970,38.15077209472656
971,38.137874603271484
972,47.62691879272461
973,13.787479400634766
974,16.39946746826172
975,20.682809829711914
976,15.554277420043945
977,14.444916725158691
978,15.975689888000488
979,12.697260856628418
980,10.952716827392578
981,22.13436508178711
982,44.54866027832031
983,48.25390625
984,49.02066421508789
985,47.27749252319336
986,23.87016487121582
987,16.295482635498047
988,14.229300498962402
989,10.062676429748535
990,37.887184143066406
991,44.671932220458984
992,49.03828430175781
993,47.60397720336914
994,47.05952453613281
995,46.469635009765625
996,27.261564254760742
997,14.89474868774414
998,18.34441566467285
999,22.607467651367188
1000,17.938533782958984
1001,15.24924373626709
1002,17.180858612060547
1003,10.738121032714844
1004,18.579933166503906
1005,43.32122039794922
1006,48.043701171875
1007,46.41402053833008
1008,44.527366638183594
1009,27.74110984802246
1010,17.81647300720215
1011,18.313392639160156
1012,11.766379356384277
1013,10.870638847351074
1014,43.6152458190918
1015,48.50444793701172
1016,47.405311584472656
1017,27.724897384643555
1018,18.89590835571289
1019,26.774978637695312
1020,16.145328521728516
1021,17.1935977935791
1022,9.858670234680176
1023,35.047706604003906
1024,44.031978607177734
1025,38.98490524291992
1026,48.27468490600586
1027,29.06757164001465
1028,19.34091567993164
1029,17.022188186645508
1030,18.024749755859375
1031,19.70563507080078
1032,18.850791931152344
1033,40.33643341064453
1034,38.93943405151367
1035,46.117652893066406
1036,47.40746307373047
1037,47.68838119506836
1038,43.46995544433594
1039,40.56626510620117
1040,41.28433609008789
1041,39.5310173034668
1042,37.46754455566406
1043,37.19786071777344
1044,44.48283386230469
1045,38.460975646972656
1046,37.651371002197266
1047,48.48533248901367
1048,47.5892448425293
1049,47.28687286376953
1050,28.139019012451172
1051,23.396696090698242
1052,18.50412368774414
1053,10.192749977111816
1054,45.56332015991211
1055,48.4951171875
1056,48.276363372802734
1057,46.390480041503906
1058,44.08401107788086
1059,13.17542839050293
1060,23.171476364135742
1061,17.4801082611084
1062,10.117096900939941
1063,32.92256546020508
1064,43.67845153808594
1065,39.523948669433594
1066,48.800209045410156
1067,47.8525390625
1068,48.268226623535156
1069,47.28170394897461
1070,46.653900146484375
1071,44.7341423034668
1072,14.555885314941406
1073,17.606380462646484
1074,16.017955780029297
1075,19.77452850341797
1076,34.747764587402344
1077,48.821861267089844
1078,44.73804473876953
1079,14.497653007507324
1080,17.915868759155273
1081,16.098817825317383
1082,14.25665283203125
1083,10.82272720336914
1084,44.63277816772461
1085,40.125675201416016
1086,43.65721130371094
1087,46.95874786376953
1088,18.571964263916016
1089,12.254888534545898
1090,41.39453887939453
1091,45.48325729370117
1092,48.436126708984375
1093,48.18682098388672
1094,46.450584411621094
1095,40.26620864868164
1096,27.491058349609375
1097,24.374746322631836
1098,16.391342163085938
1099,17.984811782836914
1100,17.77083396911621
1101,29.585752487182617
1102,38.24909973144531
1103,37.317054748535156
1104,33.404296875
1105,34.30631637573242
1106,48.11790466308594
1107,47.12743377685547
1108,43.757957458496094
1109,40.45884704589844
1110,41.78989791870117
1111,38.954341888427734
1112,38.0362663269043
1113,44.18690872192383
1114,44.25283432006836
1115,48.32992935180664
1116,47.462074279785156
1117,47.16423797607422
1118,23.55280113220215
1119,21.17301368713379
1120,35.74611282348633
1121,38.82332992553711
1122,41.913230895996094
1123,48.720699310302734
1124,45.27518844604492
1125,29.236970901489258
1126,27.413921356201172
1127,26.023550033569336
1128,29.981914520263672
1129,36.20127868652344
1130,44.70487594604492
1131,48.61887741088867
1132,46.50798034667969
1133,43.77109909057617
1134,27.7661190032959
1135,17.521682739257812
1136,18.87861442565918
1137,16.582841873168945
1138,18.131187438964844
1139,12.048571586608887
1140,44.00502395629883
1141,38.4517707824707
1142,48.33300018310547
1143,48.76079559326172
1144,46.71134948730469
1145,28.06587028503418
1146,19.05531120300293
1147,20.430559158325195
1148,46.26374816894531
1149,44.3361930847168
1150,15.05840015411377
1151,26.262723922729492
1152,25.446828842163086
1153,20.733299255371094
1154,21.012231826782227
1155,15.089739799499512
1156,12.642705917358398
1157,22.88932228088379
1158,37.70748519897461
1159,40.63137435913086
1160,48.25416946411133
1161,47.38783264160156
1162,47.954261779785156
1163,47.72108459472656
1164,28.863258361816406
1165,21.4242000579834
1166,22.73972511291504
1167,21.154905319213867
1168,46.19820785522461
1169,47.18455505371094
1170,45.805824279785156
1171,41.685428619384766
1172,36.211891174316406
1173,35.293006896972656
1174,45.00348663330078
1175,47.7465705871582
1176,47.47814178466797
1177,27.13115119934082
1178,14.704010963439941
1179,18.30547523498535
1180,18.689579010009766
1181,18.86341667175293
1182,13.243165969848633
1183,46.77739334106445
1184,43.08271408081055
1185,46.92849349975586
1186,45.839012145996094
1187,45.2026252746582
1188,23.706581115722656
1189,16.340351104736328
1190,14.754996299743652
1191,16.280963897705078
1192,37.71921157836914
1193,45.646236419677734
1194,47.179351806640625
1195,46.29684066772461
1196,45.69503402709961
1197,43.342437744140625
1198,23.948579788208008
1199,40.980743408203125
1200,47.86863327026367
1201,46.92161560058594
1202,43.07738494873047
1203,15.716338157653809
1204,21.989213943481445
1205,16.56920623779297
1206,17.12308120727539
1207,9.389054298400879
1208,22.1517391204834
1209,38.528629302978516
1210,46.69258499145508
1211,44.58700180053711
1212,19.649091720581055
1213,19.12502670288086
1214,19.50069236755371
1215,16.60772705078125
1216,47.336734771728516
1217,48.16510772705078
1218,47.75114059448242
1219,41.04109573364258
1220,23.45351219177246
1221,20.2407283782959
1222,18.715665817260742
1223,18.624706268310547
1224,17.244455337524414
1225,15.96137523651123
1226,15.987467765808105
1227,40.22690200805664
1228,35.343326568603516
1229,36.351402282714844
1230,47.83292770385742
1231,47.44409942626953
1232,41.317142486572266
1233,40.36709213256836
1234,39.534969329833984
1235,48.6593017578125
1236,13.58169174194336
1237,19.025463104248047
1238,16.501399993896484
1239,12.244129180908203
1240,19.556293487548828
1241,44.91169357299805
1242,39.34800720214844
1243,42.95296096801758
1244,49.101341247558594
1245,47.21708679199219
1246,16.06610107421875
1247,25.043277740478516
1248,24.324583053588867
1249,11.127277374267578
1250,44.4754638671875
1251,49.1097412109375
1252,47.666664123535156
1253,47.304237365722656
1254,24.59978485107422
1255,15.234176635742188
1256,16.09649658203125
1257,38.4375
1258,48.556793212890625
1259,46.89389419555664
1260,46.7982177734375
1261,44.7408447265625
1262,27.389341354370117
1263,24.62108039855957
1264,16.499298095703125
1265,17.0064754486084
1266,15.544474601745605
1267,16.438800811767578
1268,19.175817489624023
1269,48.70709228515625
1270,48.00552749633789
1271,48.369930267333984
1272,44.84043884277344
1273,13.9425048828125
1274,16.622129440307617
1275,17.25413703918457
1276,17.179222106933594
1277,11.485342979431152
1278,18.37336540222168
1279,32.44907760620117
1280,42.112117767333984
1281,39.76213455200195
1282,48.51350402832031
1283,48.366859436035156
1284,47.14189529418945
1285,26.23504638671875
1286,28.843801498413086
1287,21.748477935791016
1288,21.28504180908203
1289,18.481958389282227
1290,34.6772346496582
1291,47.760597229003906
1292,47.893253326416016
1293,43.83053970336914
1294,41.828155517578125
1295,41.212242126464844
1296,40.19691467285156
1297,37.1314697265625
1298,44.95786666870117
1299,48.48828887939453
1300,47.70329666137695
1301,45.69318771362305
1302,24.043914794921875
1303,12.008281707763672
1304,20.754377365112305
1305,48.067596435546875
1306,48.29817581176758
1307,47.78369903564453
1308,47.83116912841797
1309,38.2856559753418
1310,31.62630271911621
1311,32.91250228881836
1312,25.47494125366211
1313,24.54572868347168
1314,18.44873046875
1315,32.22248077392578
1316,38.47682189941406
1317,41.38776397705078
1318,45.89014434814453
1319,47.85975646972656
1320,47.383514404296875
1321,45.039546966552734
1322,16.330400466918945
1323,16.195316314697266
1324,17.819496154785156
1325,19.713045120239258
1326,48.220489501953125
1327,24.50322151184082
1328,18.57916259765625
1329,16.298084259033203
1330,17.062992095947266
1331,10.356522560119629
1332,19.781343460083008
1333,34.77513885498047
1334,40.18647384643555
1335,48.5333251953125
1336,46.90394592285156
1337,45.08332443237305
1338,18.15060043334961
1339,18.612524032592773
1340,17.63532257080078
1341,15.62643814086914
1342,48.83900451660156
1343,49.37172317504883
1344,42.16110610961914
1345,30.395376205444336
1346,28.366653442382812
1347,18.982067108154297
1348,18.460309982299805
1349,40.17307662963867
1350,38.701927185058594
1351,42.704097747802734
1352,40.80954360961914
1353,37.00270080566406
1354,38.97966766357422
1355,37.48197555541992
1356,42.545345306396484
1357,35.022274017333984
1358,48.38581085205078
1359,28.582368850708008
1360,28.332786560058594
1361,26.405805587768555
1362,18.31597137451172
1363,16.392147064208984
1364,18.41291618347168
1365,14.591227531433105
1366,12.666068077087402
1367,36.86827087402344
1368,48.06670379638672
1369,27.928462982177734
1370,24.102336883544922
1371,16.187854766845703
1372,9.553054809570312
1373,39.37803268432617
1374,45.81440353393555
1375,47.736690521240234
1376,48.13541793823242
1377,27.95181655883789
1378,18.94170379638672
1379,38.87235641479492
1380,43.46524429321289
1381,46.91135025024414
1382,17.9384822845459
1383,10.951716423034668
1384,34.95297622680664
1385,42.70336151123047
1386,42.2283935546875
1387,47.20883560180664
1388,47.72954177856445
1389,44.998783111572266
1390,14.42116641998291
1391,16.96479606628418
1392,21.69243049621582
1393,15.184587478637695
1394,16.37246322631836
1395,12.893715858459473
1396,39.29708480834961
1397,48.45656967163086
1398,48.33600997924805
1399,48.69350051879883
1400,26.85932731628418
1401,24.183317184448242
1402,47.17693328857422
1403,46.877784729003906
1404,46.062355041503906
1405,45.24528884887695
1406,43.662384033203125
1407,44.554264068603516
1408,44.370391845703125
1409,41.01688766479492
1410,41.9445686340332
1411,45.05885314941406
1412,47.4295539855957
1413,47.03557205200195
1414,10.628162384033203
1415,23.36228370666504
1416,38.127716064453125
1417,46.644317626953125
1418,45.69630432128906
1419,45.33340835571289
1420,15.686676979064941
1421,21.16804313659668
1422,21.964630126953125
1423,18.363340377807617
1424,16.513938903808594
1425,12.970293045043945
1426,10.303972244262695
1427,20.99003791809082
1428,35.983428955078125
1429,46.64567565917969
1430,47.18446731567383
1431,44.71525573730469
1432,44.4025993347168
1433,41.7597541809082
1434,20.048593521118164
1435,18.33587074279785
1436,18.75436782836914
1437,17.89937973022461
1438,11.342296600341797
1439,18.65995216369629
1440,35.5800666809082
1441,44.1689453125
1442,47.97036361694336
1443,45.5695686340332
1444,42.2273063659668
1445,24.116382598876953
1446,17.623001098632812
1447,44.54112243652344
1448,45.52812576293945
1449,41.52631759643555
1450,25.48051643371582
1451,13.088984489440918
1452,16.221202850341797
1453,17.91160774230957
1454,9.991548538208008
1455,39.85506820678711
1456,42.190330505371094
1457,48.469017028808594
1458,47.71233367919922
1459,46.24748611450195
1460,22.6979923248291
1461,18.799236297607422
1462,16.22290802001953
1463,39.0443229675293
1464,46.36640548706055
1465,47.652503967285156
1466,47.878597259521484
1467,46.17778778076172
1468,44.08010482788086
1469,42.91576385498047
1470,42.65467071533203
1471,41.73907470703125
1472,47.66141128540039
1473,46.29804229736328
1474,12.420026779174805
1475,16.221233367919922
1476,17.276147842407227
1477,10.004844665527344
1478,36.197593688964844
1479,39.41256332397461
1480,47.085365295410156
1481,46.052978515625
1482,45.79010009765625
1483,24.693248748779297
1484,20.708940505981445
1485,21.103591918945312
1486,16.378170013427734
1487,13.97459602355957
1488,10.251884460449219
1489,10.27470874786377
1490,20.24589729309082
1491,35.963470458984375
1492,46.76063537597656
1493,44.491905212402344
1494,44.04304122924805
1495,40.264747619628906
1496,16.44428825378418
1497,14.929072380065918
1498,15.070006370544434
1499,8.335257530212402
1500,17.28468894958496
1501,33.41522979736328
1502,42.54640579223633
1503,47.85844802856445
1504,46.44793701171875
1505,44.55834197998047
1506,15.049973487854004
1507,17.776832580566406
1508,18.508712768554688
1509,18.81373405456543
1510,17.449726104736328
1511,11.86884593963623
1512,10.947647094726562
1513,35.43574142456055
1514,45.140567779541016
1515,40.34999465942383
1516,44.34432601928711
1517,22.9865779876709
1518,8.993885040283203
1519,34.6338005065918
1520,41.060508728027344
1521,47.81560516357422
1522,46.63120651245117
1523,25.98116111755371
1524,22.061805725097656
1525,19.46036720275879
1526,18.836376190185547
1527,18.892839431762695
1528,38.94720458984375
1529,31.923246383666992
1530,45.07329559326172
1531,47.15366744995117
1532,39.4123649597168
1533,39.19013214111328
1534,42.59654235839844
1535,42.80580139160156
1536,36.447654724121094
1537,48.80792999267578
1538,48.350181579589844
1539,48.45006561279297
1540,47.25627517700195
1541,44.886505126953125
1542,31.614761352539062
1543,25.932798385620117
1544,26.541627883911133
1545,25.836267471313477
1546,23.902957916259766
1547,36.60931396484375
1548,48.00836181640625
1549,48.56437301635742
1550,47.3256721496582
1551,44.83393859863281
1552,27.639036178588867
1553,21.197120666503906
1554,17.7737979888916
1555,16.28489112854004
1556,10.577309608459473
1557,20.693580627441406
1558,34.00794219970703
1559,46.07844924926758
1560,47.59766387939453
1561,46.57944107055664
1562,46.752044677734375
1563,13.322970390319824
1564,20.983060836791992
1565,10.50232982635498
1566,9.939078330993652
1567,19.04022789001465
1568,42.176002502441406
1569,47.23628616333008
1570,23.112308502197266
1571,21.306550979614258
1572,16.029163360595703
1573,16.994287490844727
1574,11.252453804016113
1575,21.286142349243164
1576,41.636722564697266
1577,42.141204833984375
1578,47.240753173828125
1579,47.2738151550293
1580,45.71456527709961
1581,43.717559814453125
1582,24.59031867980957
1583,19.445528030395508
1584,14.031285285949707
1585,10.016432762145996
1586,33.28347396850586
1587,42.362361907958984
1588,38.43901062011719
1589,43.08501052856445
1590,46.60526657104492
1591,47.53904342651367
1592,46.75474548339844
1593,39.34886169433594
1594,25.279069900512695
1595,21.468788146972656
1596,12.781306266784668
1597,24.041622161865234
1598,37.50960922241211
1599,32.30826950073242
1600,45.56298065185547
1601,46.0147705078125
1602,44.613895416259766
1603,43.563995361328125
1604,40.33538055419922
1605,38.178810119628906
1606,39.0941162109375
1607,39.063453674316406
1608,34.543277740478516
1609,47.34695816040039
1610,47.724483489990234
1611,46.69801330566406
1612,45.499698638916016
1613,16.89586639404297
1614,17.149761199951172
1615,17.724952697753906
1616,16.748037338256836
1617,31.885332107543945
1618,41.50484848022461
1619,48.36384582519531
1620,48.58366394042969
1621,47.564544677734375
1622,48.04856872558594
1623,46.908164978027344
1624,45.04749298095703
1625,28.624629974365234
1626,17.100074768066406
1627,26.29347038269043
1628,23.545164108276367
1629,16.81485939025879
1630,10.132558822631836
1631,48.21062088012695
1632,48.34803771972656
1633,47.19747543334961
1634,47.798500061035156
1635,46.46488571166992
1636,44.45000076293945
1637,15.862703323364258
1638,24.64298439025879
1639,23.113136291503906
1640,17.743831634521484
1641,11.485603332519531
1642,22.899911880493164
1643,35.448978424072266
1644,39.47702407836914
1645,47.351905822753906
1646,47.757568359375
1647,46.49544906616211
1648,20.7060489654541
1649,16.046314239501953
1650,16.806262969970703
1651,16.18178939819336
1652,9.104425430297852
1653,18.968955993652344
1654,34.44554901123047
1655,37.58285140991211
1656,47.917015075683594
1657,44.221622467041016
1658,14.461409568786621
1659,22.3024845123291
1660,21.49515724182129
1661,15.965818405151367
1662,16.105148315429688
1663,16.36746597290039
1664,15.97750186920166
1665,37.70428466796875
1666,46.388309478759766
1667,40.47888946533203
1668,26.77997589111328
1669,22.648860931396484
1670,23.82036018371582
1671,18.330217361450195
1672,38.85219192504883
1673,32.769649505615234
1674,36.404945373535156
1675,45.58265686035156
1676,46.36863708496094
1677,46.1097297668457
1678,42.18168258666992
1679,35.257259368896484
1680,42.38148498535156
1681,47.080223083496094
1682,48.598304748535156
1683,46.97186279296875
1684,36.54777145385742
1685,32.0359001159668
1686,33.36610794067383
1687,27.064937591552734
1688,27.596303939819336
1689,27.304262161254883
1690,19.17474365234375
1691,30.597370147705078
1692,41.850467681884766
1693,37.43508529663086
1694,46.9597053527832
1695,46.249786376953125
1696,43.893062591552734
1697,12.963459968566895
1698,21.217796325683594
1699,21.394454956054688
1700,42.73148727416992
1701,46.88901138305664
1702,30.68892478942871
1703,13.145121574401855
1704,15.837316513061523
1705,18.96987533569336
1706,19.25172233581543
1707,12.385530471801758
1708,21.662654876708984
1709,39.155696868896484
1710,42.399497985839844
1711,48.78516387939453
1712,47.67482376098633
1713,44.74296951293945
1714,23.04679298400879
1715,19.074594497680664
1716,19.450939178466797
1717,14.498900413513184
1718,44.34267044067383
1719,42.77357864379883
1720,48.8023796081543
1721,46.849300384521484
1722,44.21440124511719
1723,28.73064613342285
1724,21.063507080078125
1725,20.576955795288086
1726,35.636436462402344
1727,42.2191276550293
1728,48.009552001953125
1729,40.33725357055664
1730,20.784366607666016
1731,16.585620880126953
1732,41.012046813964844
1733,48.191219329833984
1734,47.49921417236328
1735,46.9327392578125
1736,43.240234375
1737,41.52664566040039
1738,41.08740997314453
1739,41.909080505371094
1740,41.81362533569336
1741,40.763668060302734
1742,35.82255935668945
1743,40.849979400634766
1744,34.32440185546875
1745,42.54484558105469
1746,13.864290237426758
1747,15.266387939453125
1748,22.268291473388672
1749,36.710697174072266
1750,34.98899459838867
1751,48.48133850097656
1752,48.56474685668945
1753,16.30811309814453
1754,24.01848793029785
1755,20.263385772705078
1756,18.0123291015625
1757,36.989994049072266
1758,48.12656021118164
1759,47.25454330444336
1760,48.03347396850586
1761,47.06388473510742
1762,44.373172760009766
1763,15.88584041595459
1764,17.56321907043457
1765,16.815494537353516
1766,21.95206069946289
1767,49.212398529052734
1768,48.185176849365234
1769,47.17814636230469
1770,26.16538429260254
1771,18.268558502197266
1772,14.491527557373047
1773,47.13999938964844
1774,46.37136459350586
1775,47.01270294189453
1776,44.68122863769531
1777,44.26686096191406
1778,11.597582817077637
1779,16.951934814453125
1780,17.73033332824707
1781,15.725324630737305
1782,18.667308807373047
1783,33.868953704833984
1784,41.96756362915039
1785,46.24361038208008
1786,38.53491973876953
1787,24.220130920410156
1788,23.01399040222168
1789,23.87255096435547
1790,22.4300479888916
1791,24.652450561523438
1792,22.577844619750977
1793,21.001306533813477
1794,39.18965530395508
1795,37.70529556274414
1796,35.33787155151367
1797,44.17095947265625
1798,45.14289474487305
1799,45.15107727050781
1800,42.475311279296875
1801,40.75447082519531
1802,44.34728240966797
1803,38.779991149902344
1804,39.955909729003906
1805,40.04197311401367
1806,35.34817886352539
1807,41.86422348022461
1808,41.19905471801758
1809,46.470882415771484
1810,46.925045013427734
1811,45.67096710205078
1812,45.88962173461914
1813,43.396568298339844
1814,14.072011947631836
1815,17.15001678466797
1816,17.8751277923584
1817,14.07168960571289
1818,22.550678253173828
1819,34.88844299316406
1820,40.35543441772461
1821,48.19883728027344
1822,46.85314178466797
1823,15.871243476867676
1824,18.71181297302246
1825,26.45232391357422
1826,17.963008880615234
1827,20.49425506591797
1828,21.0784854888916
1829,44.85877990722656
1830,36.845523834228516
1831,47.7590446472168
1832,46.61316680908203
1833,43.83441162109375
1834,30.982046127319336
1835,16.142070770263672
1836,20.257999420166016
1837,20.81327247619629
1838,21.038793563842773
1839,18.380117416381836
1840,20.342636108398438
1841,35.65849304199219
1842,37.02345657348633
1843,44.22370529174805
1844,19.37415885925293
1845,17.612537384033203
1846,19.554183959960938
1847,10.343820571899414
1848,40.05852508544922
1849,47.01700973510742
1850,46.731082916259766
1851,44.404296875
1852,23.424415588378906
1853,22.075054168701172
1854,19.0833683013916
1855,18.686405181884766
1856,18.37665367126465
1857,31.96341323852539
1858,31.560712814331055
1859,48.7978630065918
1860,47.24462127685547
1861,27.0887451171875
1862,30.387956619262695
1863,22.245054244995117
1864,20.99342918395996
1865,47.96885299682617
1866,47.73873519897461
1867,46.832786560058594
1868,43.29764175415039
1869,43.12739181518555
1870,37.993629455566406
1871,37.21338653564453
1872,43.07440185546875
1873,35.086856842041016
1874,47.99199676513672
1875,47.71805191040039
1876,46.863975524902344
1877,44.25895690917969
1878,22.556987762451172
1879,19.578147888183594
1880,10.497354507446289
1881,48.366878509521484
1882,49.00468063354492
1883,47.954097747802734
1884,47.609886169433594
1885,18.29775047302246
1886,23.714096069335938
1887,17.458505630493164
1888,16.19253921508789
1889,18.03461265563965
1890,47.73503875732422
1891,17.853044509887695
1892,26.302457809448242
1893,24.63956069946289
1894,18.329288482666016
1895,12.951969146728516
1896,47.67319107055664
1897,47.9262580871582
1898,19.466386795043945
1899,18.058509826660156
1900,12.968135833740234
1901,23.97356414794922
1902,35.26464080810547
1903,48.719722747802734
1904,44.440513610839844
1905,16.69829750061035
1906,18.509307861328125
1907,18.174964904785156
1908,16.71356201171875
1909,12.319421768188477
1910,22.223941802978516
1911,47.94859313964844
1912,47.88153839111328
1913,28.44021224975586
1914,24.513019561767578
1915,28.924755096435547
1916,18.248119354248047
1917,18.295034408569336
1918,30.452619552612305
1919,41.70676803588867
1920,38.842872619628906
1921,47.64360809326172
1922,42.483604431152344
1923,41.49297332763672
1924,40.2653694152832
1925,40.22161102294922
1926,43.657039642333984
1927,44.98777770996094
1928,42.42285919189453
1929,47.93108367919922
1930,31.188127517700195
1931,15.646751403808594
1932,19.794017791748047
1933,19.29937171936035
1934,20.27804183959961
1935,18.475141525268555
1936,44.63494873046875
1937,38.57577896118164
1938,40.060848236083984
1939,47.28664779663086
1940,47.02147674560547
1941,45.16158676147461
1942,32.80865478515625
1943,15.413461685180664
1944,26.856414794921875
1945,24.149869918823242
1946,17.63572883605957
1947,20.43662452697754
1948,40.47147750854492
1949,35.93791198730469
1950,48.73426818847656
1951,47.214698791503906
1952,44.30733108520508
1953,31.982078552246094
1954,16.800273895263672
1955,17.59048843383789
1956,17.558074951171875
1957,14.009190559387207
1958,11.271517753601074
1959,38.07780075073242
1960,47.820030212402344
1961,47.91508865356445
1962,46.973907470703125
1963,47.35531997680664
1964,43.57872772216797
1965,22.740121841430664
1966,17.83231544494629
1967,44.11750411987305
1968,42.682533264160156
1969,48.36121368408203
1970,44.61383819580078
1971,13.958993911743164
1972,18.120595932006836
1973,18.13100814819336
1974,16.69900894165039
1975,10.83436393737793
1976,20.104167938232422
1977,41.86650085449219
1978,48.035858154296875
1979,47.48720169067383
1980,48.056129455566406
1981,45.97966384887695
1982,40.914268493652344
1983,28.818214416503906
1984,27.207406997680664
1985,22.982030868530273
1986,21.75045394897461
1987,21.00252342224121
1988,38.314247131347656
1989,44.23645782470703
1990,47.187477111816406
1991,46.7181396484375
1992,46.8109245300293
1993,43.86975860595703
1994,41.019351959228516
1995,39.730430603027344
1996,37.41118240356445
1997,36.837284088134766
1998,48.55016326904297
1999,32.83769226074219
2000,17.936826705932617
2001,19.6949405670166
2002,19.887229919433594
2003,15.365195274353027
2004,21.38750457763672
2005,44.03071975708008
2006,43.565086364746094
2007,47.79761505126953
2008,15.249770164489746
2009,17.652503967285156
2010,22.492399215698242
2011,15.634869575500488
2012,11.721205711364746
2013,18.760555267333984
2014,22.902376174926758
2015,21.96470069885254
2016,20.08912467956543
2017,15.219446182250977
2018,35.114356994628906
2019,38.23497772216797
2020,41.11048126220703
2021,46.27019119262695
2022,47.92245101928711
2023,46.434356689453125
2024,19.90447998046875
2025,20.1378116607666
2026,21.975282669067383
2027,20.443126678466797
2028,15.559361457824707
2029,44.81438446044922
2030,39.23906707763672
2031,44.00479507446289
2032,46.15800857543945
2033,43.1371955871582
2034,20.208406448364258
2035,18.89603614807129
2036,16.298635482788086
2037,18.58391571044922
2038,9.774420738220215
2039,46.85647964477539
2040,46.2713623046875
2041,47.04048156738281
2042,24.846227645874023
2043,25.955711364746094
2044,21.841371536254883
2045,20.887523651123047
2046,40.21004867553711
2047,38.87314987182617
2048,34.19951629638672
2049,42.86803436279297
2050,42.2091064453125
2051,42.53916549682617
2052,36.98520278930664
2053,47.347923278808594
2054,46.819610595703125
2055,44.712867736816406
2056,16.452213287353516
2057,22.052141189575195
2058,19.785411834716797
2059,17.23659896850586
2060,19.08777618408203
2061,12.210187911987305
2062,10.344457626342773
2063,46.830081939697266
2064,47.62276077270508
2065,46.230201721191406
2066,17.36205291748047
2067,23.180221557617188
2068,17.489198684692383
2069,19.131778717041016
2070,10.59078311920166
2071,35.69866180419922
2072,37.086143493652344
2073,40.707847595214844
2074,48.35553741455078
2075,30.080154418945312
2076,13.806845664978027
2077,18.47187614440918
2078,16.65372657775879
2079,19.183286666870117
2080,19.00998878479004
2081,33.793216705322266
2082,47.72659683227539
2083,46.50481033325195
2084,44.05433654785156
2085,13.865950584411621
2086,22.47574806213379
2087,17.742300033569336
2088,18.977216720581055
2089,42.756587982177734
2090,40.853729248046875
2091,46.956241607666016
2092,46.16676330566406
2093,47.236385345458984
2094,43.52317810058594
2095,15.9678373336792
2096,20.47768783569336
2097,16.53533935546875
2098,16.024864196777344
2099,17.168554306030273
2100,11.566915512084961
2101,42.613155364990234
2102,46.795562744140625
2103,47.89049530029297
2104,47.437469482421875
2105,46.089073181152344
2106,26.321697235107422
2107,23.285905838012695
2108,22.394025802612305
2109,22.21415901184082
2110,17.60049819946289
2111,17.539522171020508
2112,15.412469863891602
2113,29.560977935791016
2114,45.55473709106445
2115,47.18601608276367
2116,47.112091064453125
2117,42.52561569213867
2118,43.02939224243164
2119,40.53116226196289
2120,39.26300811767578
2121,39.94538497924805
2122,40.85749816894531
2123,41.11972427368164
2124,34.23310470581055
2125,31.802959442138672
2126,47.18292236328125
2127,47.216156005859375
2128,46.409034729003906
2129,45.964561462402344
2130,43.002464294433594
2131,15.672590255737305
2132,19.74578857421875
2133,18.42222023010254
2134,16.335891723632812
2135,18.4796085357666
2136,16.016525268554688
2137,9.108667373657227
2138,47.404823303222656
2139,48.18328857421875
2140,17.932519912719727
2141,16.56236457824707
2142,41.57020950317383
2143,48.116085052490234
2144,48.16967010498047
2145,44.750267028808594
2146,13.975255966186523
2147,21.155179977416992
2148,15.918352127075195
2149,15.59170913696289
2150,22.640865325927734
2151,37.90332794189453
2152,42.60921096801758
2153,47.28630065917969
2154,47.01060104370117
2155,46.34589767456055
2156,13.671311378479004
2157,16.22164535522461
2158,20.859663009643555
2159,16.81218719482422
2160,17.0011043548584
2161,10.518319129943848
2162,31.706279754638672
2163,41.374820709228516
2164,47.09030532836914
2165,30.526269912719727
2166,13.930340766906738
2167,16.49124526977539
2168,23.37082862854004
2169,22.497276306152344
2170,17.43933868408203
2171,16.709619522094727
2172,16.204233169555664
2173,9.082846641540527
2174,36.75128936767578
2175,33.758697509765625
2176,40.77642059326172
2177,48.142311096191406
2178,48.643157958984375
2179,48.80211639404297
2180,19.35818862915039
2181,18.430416107177734
2182,18.423843383789062
2183,17.640287399291992
2184,15.840940475463867
2185,26.9534854888916
2186,37.941898345947266
2187,33.85546112060547
2188,45.941078186035156
2189,45.8541145324707
2190,46.467037200927734
2191,46.37907791137695
2192,44.917808532714844
2193,42.79112243652344
2194,41.1583137512207
2195,41.14548110961914
2196,39.51413345336914
2197,38.1324348449707
2198,37.118961334228516
2199,36.273014068603516
2200,34.637062072753906
2201,40.585750579833984
2202,47.28733825683594
2203,46.73220443725586
2204,46.10662841796875
2205,12.935964584350586
2206,18.106374740600586
2207,11.358914375305176
2208,39.1134147644043
2209,40.366817474365234
2210,45.34990310668945
2211,40.59539794921875
2212,24.41992950439453
2213,18.060176849365234
2214,18.796627044677734
2215,17.033504486083984
2216,8.244775772094727
2217,17.31237030029297
2218,42.582820892333984
2219,46.2665901184082
2220,46.95127487182617
2221,45.97766876220703
2222,45.115020751953125
2223,42.31560134887695
2224,14.677632331848145
2225,17.994483947753906
2226,19.10146713256836
2227,20.0147705078125
2228,12.255651473999023
2229,10.495321273803711
2230,20.359880447387695
2231,44.489498138427734
2232,48.153804779052734
2233,48.556427001953125
2234,47.85214614868164
2235,46.69003677368164
2236,43.623573303222656
2237,15.344493865966797
2238,18.682981491088867
2239,24.367401123046875
2240,14.32983112335205
2241,18.66191291809082
2242,32.75471496582031
2243,47.14381408691406
2244,47.32350540161133
2245,46.41933822631836
2246,47.13070297241211
2247,46.78261947631836
2248,43.71311569213867
2249,30.547189712524414
2250,13.842513084411621
2251,23.182506561279297
2252,21.922414779663086
2253,17.631301879882812
2254,18.158647537231445
2255,16.35357666015625
2256,8.715494155883789
2257,14.988524436950684
2258,34.984310150146484
2259,37.628814697265625
2260,46.697086334228516
2261,47.750030517578125
2262,46.972145080566406
2263,23.438213348388672
2264,17.394451141357422
2265,15.522810935974121
2266,38.10237503051758
2267,46.85322952270508
2268,45.37627410888672
2269,41.67390823364258
2270,43.60420608520508
2271,42.39255142211914
2272,40.388694763183594
2273,40.51545715332031
2274,41.705318450927734
2275,42.20909881591797
2276,37.35381317138672
2277,35.78971862792969
2278,48.57737731933594
2279,47.52604293823242
2280,48.383628845214844
2281,47.31755065917969
2282,24.743989944458008
2283,23.181272506713867
2284,20.053512573242188
2285,17.54789161682129
2286,18.260234832763672
2287,17.395776748657227
2288,11.61982536315918
2289,36.473045349121094
2290,47.100730895996094
2291,24.22392463684082
2292,13.439960479736328
2293,15.90399169921875
2294,21.147974014282227
2295,18.45855712890625
2296,16.69661521911621
2297,43.352420806884766
2298,38.35652542114258
2299,48.34592819213867
2300,47.48058319091797
2301,22.167802810668945
2302,18.568801879882812
2303,16.898773193359375
2304,17.326351165771484
2305,10.722663879394531
2306,8.404308319091797
2307,36.88297653198242
2308,41.468650817871094
2309,48.68144226074219
2310,47.47018051147461
2311,48.199462890625
2312,47.00712585449219
2313,43.93181228637695
2314,21.78144073486328
2315,48.92647171020508
2316,48.51166915893555
2317,47.08356475830078
2318,22.757734298706055
2319,15.603894233703613
2320,22.37887954711914
2321,21.035348892211914
2322,16.222293853759766
2323,8.909544944763184
2324,17.524202346801758
2325,40.32622146606445
2326,46.8272705078125
2327,47.697975158691406
2328,47.55801773071289
2329,47.10483169555664
2330,45.36882019042969
2331,39.44681930541992
2332,25.024885177612305
2333,22.402809143066406
2334,16.249696731567383
2335,14.836040496826172
2336,13.915081024169922
2337,38.654903411865234
2338,33.41183853149414
2339,37.19257354736328
2340,47.32977294921875
2341,42.489044189453125
2342,40.87443161010742
2343,41.551456451416016
2344,40.40547561645508
2345,44.13254165649414
2346,48.00221633911133
2347,48.28491973876953
2348,14.493233680725098
2349,23.66864776611328
2350,20.035764694213867
2351,15.886591911315918
2352,21.29827308654785
2353,39.73723220825195
2354,47.891117095947266
2355,48.03828811645508
2356,47.285362243652344
2357,43.937644958496094
2358,14.412798881530762
2359,20.93959617614746
2360,17.65012550354004
2361,16.338871002197266
2362,17.360647201538086
2363,11.274682998657227
2364,9.816177368164062
2365,35.264827728271484
2366,47.34170150756836
2367,47.38447570800781
2368,46.538177490234375
2369,43.55204391479492
2370,21.853185653686523
2371,15.88916301727295
2372,36.06502914428711
2373,42.299285888671875
2374,47.668739318847656
2375,47.017887115478516
2376,12.431072235107422
2377,21.744346618652344
2378,19.075048446655273
2379,14.564019203186035
2380,9.038620948791504
2381,35.883792877197266
2382,38.812747955322266
2383,48.319969177246094
2384,47.02464294433594
2385,43.910247802734375
2386,12.718403816223145
2387,21.319326400756836
2388,17.872783660888672
2389,33.25594711303711
2390,47.454978942871094
2391,48.26049041748047
2392,48.27946090698242
2393,25.93734359741211
2394,23.68223762512207
2395,21.8485107421875
2396,19.671409606933594
2397,18.026819229125977
2398,47.78739929199219
2399,48.41895294189453
2400,47.360233306884766
2401,39.01605987548828
2402,22.204349517822266
2403,20.043840408325195
2404,21.415815353393555
2405,39.47642135620117
2406,45.1139030456543
2407,43.11312484741211
2408,36.5909538269043
2409,47.36555099487305
2410,46.96931457519531
2411,26.258182525634766
2412,20.819446563720703
2413,21.85010528564453
2414,20.92129898071289
2415,22.33026885986328
2416,12.18798542022705
2417,37.95559310913086
2418,48.73091125488281
2419,46.59706497192383
2420,21.7042179107666
2421,18.0488224029541
2422,48.1431770324707
2423,46.67899703979492
2424,13.517213821411133
2425,15.147998809814453
2426,16.32518768310547
2427,16.617700576782227
2428,14.311744689941406
2429,15.125471115112305
2430,8.870713233947754
2431,7.436885356903076
2432,41.17094421386719
2433,47.958106994628906
2434,46.80605697631836
2435,21.989715576171875
2436,15.824508666992188
2437,22.51380729675293
2438,21.941499710083008
2439,16.67038917541504
2440,15.107895851135254
2441,42.24943923950195
2442,48.39517593383789
2443,47.281883239746094
2444,46.61870193481445
2445,43.88192367553711
2446,15.287439346313477
2447,22.996261596679688
2448,23.908336639404297
2449,14.892683029174805
2450,12.907659530639648
2451,15.815119743347168
2452,48.816532135009766
2453,40.39988327026367
2454,24.79673957824707
2455,24.779640197753906
2456,14.559205055236816
2457,35.9344596862793
2458,30.945880889892578
2459,47.142005920410156
2460,45.822227478027344
2461,39.65972137451172
2462,40.345706939697266
2463,40.28667449951172
2464,36.521968841552734
2465,34.85767364501953
2466,41.38874435424805
2467,40.08592987060547
2468,42.816429138183594
2469,46.89504623413086
2470,47.66169357299805
2471,46.609249114990234
2472,46.19316101074219
2473,22.686105728149414
2474,13.134773254394531
2475,16.703367233276367
2476,20.181001663208008
2477,18.46356201171875
2478,17.704425811767578
2479,9.524517059326172
2480,10.255158424377441
2481,43.571266174316406
2482,43.71329879760742
2483,46.1839599609375
2484,46.45161056518555
2485,46.23495101928711
2486,45.87681198120117
2487,31.54681968688965
2488,35.4654655456543
2489,34.10868835449219
2490,29.293346405029297
2491,29.603317260742188
2492,28.54850196838379
2493,22.256105422973633
2494,39.3304557800293
2495,35.8317985534668
2496,47.724281311035156
2497,46.29304504394531
2498,46.99644088745117
2499,45.940242767333984
2500,43.82722854614258
2501,21.116548538208008
2502,14.730877876281738
2503,15.768529891967773
2504,10.778053283691406
2505,22.986440658569336
2506,43.22660827636719
2507,48.77195739746094
2508,48.26588439941406
2509,47.05839920043945
2510,44.47909164428711
2511,14.427249908447266
2512,24.083589553833008
2513,19.163536071777344
2514,16.64740562438965
2515,17.207658767700195
2516,15.06812858581543
2517,32.950592041015625
2518,34.31510543823242
2519,16.10688018798828
2520,23.95145606994629
2521,18.498430252075195
2522,17.676855087280273
2523,11.440520286560059
2524,9.94499683380127
2525,21.22985076904297
2526,33.53709411621094
2527,41.03810501098633
2528,48.136573791503906
2529,48.05326461791992
2530,49.06159210205078
2531,21.29361343383789
2532,21.59021759033203
2533,19.021780014038086
2534,19.67055320739746
2535,34.00300216674805
2536,44.964542388916016
2537,46.86887741088867
2538,47.397274017333984
2539,43.69063949584961
2540,38.60446548461914
2541,39.95785903930664
2542,40.01884460449219
2543,43.69197463989258
2544,47.48170471191406
2545,48.747093200683594
2546,48.859317779541016
2547,47.29711151123047
2548,38.55142593383789
2549,31.135446548461914
2550,29.801767349243164
2551,26.439970016479492
2552,21.425342559814453
2553,30.130216598510742
2554,41.309024810791016
2555,43.54719924926758
2556,48.89352798461914
2557,49.468116760253906
2558,48.284881591796875
2559,47.90508270263672
2560,44.90220260620117
2561,25.584651947021484
2562,14.286901473999023
2563,16.595911026000977
2564,24.186630249023438
2565,18.358760833740234
2566,14.946089744567871
2567,39.616127014160156
2568,47.513553619384766
2569,44.73824691772461
2570,15.745136260986328
2571,23.54522705078125
2572,20.448734283447266
2573,15.275184631347656
2574,11.81204605102539
2575,47.900230407714844
2576,25.007665634155273
2577,12.657841682434082
2578,10.289810180664062
2579,43.218223571777344
2580,42.32793426513672
2581,48.01611328125
2582,46.53428268432617
2583,47.51108932495117
2584,47.4272575378418
2585,45.0616569519043
2586,15.416574478149414
2587,22.316999435424805
2588,19.401262283325195
2589,19.856069564819336
2590,16.62914276123047
2591,40.89503479003906
2592,34.912776947021484
2593,44.39472579956055
2594,47.22775650024414
2595,46.269798278808594
2596,21.198244094848633
2597,21.59138298034668
2598,22.269447326660156
2599,20.061031341552734
2600,19.322507858276367
2601,18.086246490478516
2602,17.431533813476562
2603,38.1236572265625
2604,47.8090934753418
2605,47.28048324584961
2606,46.39095687866211
2607,41.20871353149414
2608,39.72185134887695
2609,41.82300567626953
2610,42.327186584472656
2611,40.936805725097656
2612,39.20756912231445
2613,43.36979293823242
2614,36.558631896972656
2615,45.84527587890625
2616,48.32308578491211
2617,44.46641540527344
2618,23.891109466552734
2619,13.694106101989746
2620,16.267072677612305
2621,22.232791900634766
2622,18.50152587890625
2623,15.66636848449707
2624,17.26419448852539
2625,15.137818336486816
2626,37.422035217285156
2627,48.607566833496094
2628,48.42298126220703
2629,47.276023864746094
2630,24.38037872314453
2631,22.83926010131836
2632,16.806554794311523
2633,17.29047203063965
2634,14.554011344909668
2635,35.746910095214844
2636,43.068790435791016
2637,37.539764404296875
2638,42.922428131103516
2639,46.55525588989258
2640,46.32099533081055
2641,45.233070373535156
2642,21.433395385742188
2643,15.394375801086426
2644,16.028446197509766
2645,15.291276931762695
2646,15.892224311828613
2647,14.044649124145508
2648,9.011359214782715
2649,43.60968017578125
2650,47.967437744140625
2651,47.744850158691406
2652,48.15401840209961
2653,47.26268768310547
2654,23.89743423461914
2655,17.428808212280273
2656,18.441038131713867
2657,15.737675666809082
2658,20.111038208007812
2659,44.34019470214844
2660,38.662776947021484
2661,47.654354095458984
2662,48.26956558227539
2663,47.30989074707031
2664,46.888816833496094
2665,24.278358459472656
2666,14.381587982177734
2667,22.85209083557129
2668,17.597116470336914
2669,18.298463821411133
2670,20.737199783325195
2671,44.385257720947266
2672,38.805755615234375
2673,19.873825073242188
2674,19.594303131103516
2675,20.743223190307617
2676,30.685619354248047
2677,34.17145538330078
2678,35.53494644165039
2679,47.18001937866211
2680,46.71617126464844
2681,46.06181335449219
2682,43.2204475402832
2683,39.94508743286133
2684,41.33573532104492
2685,40.75012969970703
2686,47.3105354309082
2687,46.09904479980469
2688,45.990047454833984
2689,44.00454330444336
2690,22.485219955444336
2691,13.2343111038208
2692,17.655017852783203
2693,10.245124816894531
2694,35.12116241455078
2695,42.797203063964844
2696,41.6641731262207
2697,47.62193298339844
2698,47.407936096191406
2699,45.57089614868164
2700,10.295074462890625
2701,13.998013496398926
2702,13.271034240722656
2703,13.174463272094727
2704,39.112308502197266
2705,43.24912643432617
2706,48.57923889160156
2707,45.06992721557617
2708,33.278316497802734
2709,38.85524368286133
2710,27.456707000732422
2711,27.406373977661133
2712,27.382829666137695
2713,27.064945220947266
2714,22.339168548583984
2715,46.20037078857422
2716,46.79795837402344
2717,46.27495193481445
2718,21.159231185913086
2719,14.678973197937012
2720,16.690364837646484
2721,14.60081672668457
2722,15.824251174926758
2723,13.819334983825684
2724,10.058456420898438
2725,18.977815628051758
2726,34.8082275390625
2727,47.965362548828125
2728,47.906253814697266
2729,45.07881546020508
2730,23.33709144592285
2731,15.187021255493164
2732,11.485281944274902
2733,23.005733489990234
2734,39.19041442871094
2735,47.69548416137695
2736,49.0084228515625
2737,48.3843879699707
2738,48.73591232299805
2739,48.23973846435547
2740,41.074615478515625
2741,27.992996215820312
2742,20.699995040893555
2743,18.543798446655273
2744,20.05378532409668
2745,20.591981887817383
2746,19.51597785949707
2747,36.31315231323242
2748,48.36524963378906
2749,47.71590805053711
2750,46.88482666015625
2751,43.63808059692383
2752,42.50959396362305
2753,39.25503921508789
2754,40.27741622924805
2755,37.6129150390625
2756,34.99237823486328
2757,49.08226013183594
2758,47.81169891357422
2759,47.53681564331055
2760,22.38945770263672
2761,16.431461334228516
2762,13.929158210754395
2763,10.13065242767334
2764,21.482452392578125
2765,37.32429885864258
2766,42.24138259887695
2767,48.358890533447266
2768,48.89329147338867
2769,47.50242233276367
2770,44.853179931640625
2771,14.117515563964844
2772,22.914487838745117
2773,21.310094833374023
2774,16.058307647705078
2775,17.181428909301758
2776,32.03388214111328
2777,41.460914611816406
2778,40.61539840698242
2779,48.2149543762207
2780,47.23317337036133
2781,47.824214935302734
2782,46.771881103515625
2783,44.46887969970703
2784,23.67378044128418
2785,13.468705177307129
2786,20.96078872680664
2787,17.26671028137207
2788,12.084390640258789
2789,7.223234176635742
2790,18.046430587768555
2791,34.213260650634766
2792,43.23393630981445
2793,36.95997619628906
2794,42.61445236206055
2795,49.34579086303711
2796,47.19804000854492
2797,16.12612533569336
2798,22.2442569732666
2799,21.172931671142578
2800,18.697195053100586
2801,16.84674835205078
2802,17.189910888671875
2803,14.886421203613281
2804,20.330947875976562
2805,36.35478210449219
2806,48.26987075805664
2807,48.46484375
2808,47.83563995361328
2809,24.39984893798828
2810,15.175764083862305
2811,20.12334632873535
2812,15.849514961242676
2813,14.298726081848145
2814,18.422508239746094
2815,39.86375427246094
2816,41.612571716308594
2817,47.66817092895508
2818,23.48848533630371
2819,22.802051544189453
2820,18.681224822998047
2821,18.495532989501953
2822,31.981657028198242
2823,39.09112548828125
2824,36.041072845458984
2825,45.177974700927734
2826,46.9232177734375
2827,47.19419479370117
2828,47.133243560791016
2829,42.29805374145508
2830,36.71341323852539
2831,35.45872116088867
2832,34.864891052246094
2833,36.075523376464844
2834,35.15210723876953
2835,31.738229751586914
2836,35.61880874633789
2837,47.80704116821289
2838,47.41923522949219
2839,13.31027603149414
2840,20.460994720458984
2841,20.199113845825195
2842,17.695598602294922
2843,17.508819580078125
2844,18.766136169433594
2845,12.597465515136719
2846,37.1031608581543
2847,43.218448638916016
2848,48.49625778198242
2849,47.449913024902344
2850,48.66069412231445
2851,48.069602966308594
2852,47.78000259399414
2853,45.37841033935547
2854,17.020591735839844
2855,16.76755142211914
2856,45.38334274291992
2857,39.53157424926758
2858,43.33284378051758
2859,48.887168884277344
2860,23.887901306152344
2861,14.564674377441406
2862,16.385597229003906
2863,21.54533576965332
2864,16.10878562927246
2865,9.3331298828125
2866,19.69369125366211
2867,36.06315994262695
2868,43.41056823730469
2869,36.009124755859375
2870,20.333444595336914
2871,18.22058868408203
2872,19.6407470703125
2873,18.43758773803711
2874,14.118321418762207
2875,39.65021514892578
2876,47.89116668701172
2877,48.67530822753906
2878,47.669677734375
2879,48.22544860839844
2880,24.405941009521484
2881,16.88353729248047
2882,20.123855590820312
2883,20.336641311645508
2884,17.098081588745117
2885,15.223947525024414
2886,10.955485343933105
2887,44.340110778808594
2888,41.28584671020508
2889,46.8135871887207
2890,46.48606872558594
2891,44.96380615234375
2892,38.167423248291016
2893,23.671607971191406
2894,21.893482208251953
2895,16.59215545654297
2896,16.527759552001953
2897,17.505901336669922
2898,27.947250366210938
2899,38.36818313598633
2900,36.27581787109375
2901,47.763572692871094
2902,47.464393615722656
2903,41.1895637512207
2904,40.55223846435547
2905,41.8442268371582
2906,43.59434509277344
2907,43.25787353515625
2908,40.64545822143555
2909,38.8067626953125
2910,37.96776580810547
2911,47.238929748535156
2912,47.10260009765625
2913,24.413183212280273
2914,13.780360221862793
2915,24.89614486694336
2916,20.24271583557129
2917,22.09203338623047
2918,38.58634948730469
2919,42.02894973754883
2920,47.527793884277344
2921,48.18915557861328
2922,47.368629455566406
2923,22.369773864746094
2924,19.286710739135742
2925,20.086381912231445
2926,16.446746826171875
2927,10.54610538482666
2928,8.54017162322998
2929,39.433738708496094
2930,48.07420349121094
2931,47.40835952758789
2932,13.911523818969727
2933,16.634031295776367
2934,19.270498275756836
2935,19.865327835083008
2936,17.591432571411133
2937,9.656661987304688
2938,44.31975555419922
2939,38.97976303100586
2940,48.05569839477539
2941,46.43284606933594
2942,45.7719612121582
2943,16.435317993164062
2944,21.43183135986328
2945,20.842111587524414
2946,11.446859359741211
2947,20.359586715698242
2948,41.49250411987305
2949,38.738487243652344
2950,44.66984176635742
2951,48.36597442626953
2952,44.759071350097656
2953,24.733585357666016
2954,17.048105239868164
2955,24.424816131591797
2956,18.00791358947754
2957,16.353832244873047
2958,17.624238967895508
2959,20.207447052001953
2960,44.08905029296875
2961,40.963645935058594
2962,47.54343032836914
2963,49.0622673034668
2964,39.47816467285156
2965,26.558124542236328
2966,23.041776657104492
2967,26.390941619873047
2968,25.268220901489258
2969,21.13419532775879
2970,20.47977066040039
2971,27.190439224243164
2972,45.86328887939453
2973,47.551448822021484
2974,47.221614837646484
2975,42.790748596191406
2976,38.24110412597656
2977,36.46861267089844
2978,44.286582946777344
2979,24.254009246826172
2980,19.17997932434082
2981,17.873432159423828
2982,19.411396026611328
2983,12.337040901184082
2984,9.42669677734375
2985,37.92854309082031
2986,47.56982421875
2987,47.1803092956543
2988,47.09487533569336
2989,44.27531814575195
2990,13.933781623840332
2991,16.284339904785156
2992,23.59193229675293
2993,22.91897964477539
2994,16.22223663330078
2995,11.009089469909668
2996,19.924381256103516
2997,45.41486358642578
2998,42.16051483154297
2999,48.389225006103516
3000,47.47575759887695
3001,46.825687408447266
3002,24.752918243408203
3003,17.109983444213867
3004,14.057572364807129
3005,9.44783878326416
3006,35.9528694152832
3007,39.21012496948242
3008,46.75469207763672
3009,44.328948974609375
3010,17.72986602783203
3011,17.31459617614746
3012,22.43594741821289
3013,37.27542495727539
3014,44.100738525390625
3015,37.658729553222656
3016,48.02758026123047
3017,23.775815963745117
3018,24.136232376098633
3019,17.985143661499023
3020,15.74385929107666
3021,10.410032272338867
3022,20.865272521972656
3023,37.83713912963867
3024,47.16899108886719
3025,37.67057418823242
3026,16.961719512939453
3027,14.696820259094238
3028,18.56587028503418
3029,21.10449981689453
3030,20.555030822753906
3031,36.873470306396484
3032,45.206485748291016
3033,47.744895935058594
3034,47.44776916503906
3035,47.43584442138672
3036,43.29884719848633
3037,40.37717056274414
3038,40.31081771850586
3039,39.37956619262695
3040,37.9680061340332
3041,38.393035888671875
3042,35.463985443115234
3043,42.829627990722656
3044,43.029380798339844
3045,43.786277770996094
3046,47.825523376464844
3047,48.54910659790039
3048,43.59253692626953
3049,13.484628677368164
3050,23.152538299560547
3051,17.88959503173828
3052,17.033952713012695
3053,15.838626861572266
3054,15.30346393585205
3055,11.436291694641113
3056,45.78581619262695
3057,47.74961853027344
3058,48.421844482421875
3059,47.466678619384766
3060,47.990753173828125
3061,16.144865036010742
3062,22.862520217895508
3063,18.032564163208008
3064,16.01303482055664
3065,17.09453582763672
3066,15.300789833068848
3067,10.563796043395996
3068,44.66276550292969
3069,38.19401931762695
3070,48.572479248046875
3071,47.97615051269531
3072,46.88452911376953
3073,46.529300689697266
3074,23.363693237304688
3075,22.235403060913086
3076,21.055553436279297
3077,17.506717681884766
3078,17.021503448486328
3079,15.776015281677246
3080,9.999177932739258
3081,34.5616569519043
3082,42.968021392822266
3083,41.57897186279297
3084,48.64970016479492
3085,47.744083404541016
3086,47.40511703491211
3087,22.892955780029297
3088,15.968875885009766
3089,22.215015411376953
3090,21.56316566467285
3091,14.946410179138184
3092,15.84290885925293
3093,13.544679641723633
3094,35.73618698120117
3095,37.867427825927734
3096,48.037479400634766
3097,46.998451232910156
3098,24.68120002746582
3099,20.878631591796875
3100,21.47068977355957
3101,16.794174194335938
3102,17.226247787475586
3103,16.23776626586914
3104,10.546433448791504
3105,37.69142532348633
3106,44.42268371582031
3107,47.93054962158203
3108,47.78717041015625
3109,46.63720703125
3110,21.754098892211914
3111,22.31521224975586
3112,21.258018493652344
3113,17.58233642578125
3114,30.88620376586914
3115,36.39713668823242
3116,47.707672119140625
3117,47.43716812133789
3118,43.13479995727539
3119,43.660369873046875
3120,41.225746154785156
3121,40.70707702636719
3122,38.992950439453125
3123,38.95807647705078
3124,37.86954116821289
3125,33.52022171020508
3126,38.61264419555664
3127,37.22654724121094
3128,45.777652740478516
3129,48.34013748168945
3130,48.705543518066406
3131,47.48958969116211
3132,46.06535339355469
3133,21.70719337463379
3134,13.550838470458984
3135,17.58795166015625
3136,20.469785690307617
3137,20.112533569335938
3138,13.958889961242676
3139,8.50379753112793
3140,47.36958312988281
3141,18.6428165435791
3142,15.372583389282227
3143,13.567357063293457
3144,9.590143203735352
3145,8.435653686523438
3146,47.10483932495117
3147,47.339908599853516
3148,45.90257263183594
3149,43.0999755859375
3150,12.285248756408691
3151,10.00561809539795
3152,34.33320617675781
3153,42.60309600830078
3154,48.32058334350586
3155,47.045166015625
3156,14.996177673339844
3157,21.101049423217773
3158,18.58957290649414
3159,17.687969207763672
3160,14.09331226348877
3161,48.33642578125
3162,44.42624282836914
3163,23.90252685546875
3164,13.448899269104004
3165,19.237497329711914
3166,18.05767250061035
3167,19.55876350402832
3168,16.551748275756836
3169,8.39285659790039
3170,18.951353073120117
3171,38.14883041381836
3172,49.15546417236328
3173,49.36634826660156
3174,49.32138442993164
3175,25.489307403564453
3176,20.70404815673828
3177,21.13714027404785
3178,21.512149810791016
3179,19.345605850219727
3180,18.921493530273438
3181,18.4782657623291
3182,16.97854232788086
3183,41.05319595336914
3184,33.96958923339844
3185,35.02308654785156
3186,45.77142333984375
3187,47.685791015625
3188,47.64812469482422
3189,47.1816291809082
3190,46.10776138305664
3191,42.66836929321289
3192,39.370704650878906
3193,41.1978759765625
3194,41.671512603759766
3195,39.23912811279297
3196,41.68716812133789
3197,48.4110107421875
3198,48.749507904052734
3199,47.80119323730469
3200,48.34913635253906
3201,44.04593276977539
3202,25.157407760620117
3203,14.163938522338867
3204,16.641834259033203
3205,12.754549980163574
3206,10.7194185256958
3207,37.349761962890625
3208,44.052005767822266
3209,36.939483642578125
3210,48.17273712158203
3211,47.33917999267578
3212,48.03471755981445
3213,47.12693786621094
3214,44.3708381652832
3215,14.682141304016113
3216,20.723852157592773
3217,15.418570518493652
3218,38.04758834838867
3219,36.89451217651367
3220,40.18046951293945
3221,48.184200286865234
3222,47.243011474609375
3223,47.78133773803711
3224,23.657512664794922
3225,23.328466415405273
3226,19.27963638305664
3227,10.907490730285645
3228,37.26081848144531
3229,36.188758850097656
3230,38.07292556762695
3231,48.476890563964844
3232,47.363468170166016
3233,47.850196838378906
3234,46.520015716552734
3235,22.61081314086914
3236,18.88759422302246
3237,16.88046646118164
3238,18.28781509399414
3239,8.736852645874023
3240,19.91251564025879
3241,43.9768180847168
3242,48.10541534423828
3243,47.72996520996094
3244,24.503198623657227
3245,15.115779876708984
3246,17.1903018951416
3247,23.690479278564453
3248,22.62700653076172
3249,18.187183380126953
3250,15.549429893493652
3251,17.0678768157959
3252,17.507568359375
3253,36.82170104980469
3254,36.68502426147461
3255,37.93628692626953
3256,47.670230865478516
3257,48.14051055908203
3258,26.329477310180664
3259,26.77769660949707
3260,17.753543853759766
3261,19.565631866455078
3262,40.551204681396484
3263,37.5491943359375
3264,34.09687042236328
3265,45.029151916503906
3266,47.40996170043945
3267,40.54294967651367
3268,40.86210250854492
3269,40.73360061645508
3270,39.50676345825195
3271,36.8494758605957
3272,41.74604034423828
3273,47.743839263916016
3274,46.63688278198242
3275,17.124189376831055
3276,23.064685821533203
3277,16.724348068237305
3278,11.446961402893066
3279,21.20290184020996
3280,35.46612548828125
3281,47.7619514465332
3282,48.25684356689453
3283,46.78748321533203
3284,26.944995880126953
3285,24.01141357421875
3286,17.36564826965332
3287,18.027624130249023
3288,15.290064811706543
3289,16.99755859375
3290,11.473071098327637
3291,10.409050941467285
3292,37.770591735839844
3293,44.480560302734375
3294,37.67794418334961
3295,38.14744186401367
3296,47.378440856933594
3297,47.83457565307617
3298,43.80248260498047
3299,25.47853660583496
3300,18.979598999023438
3301,14.689677238464355
3302,48.79047775268555
3303,47.478736877441406
3304,48.17329025268555
3305,47.1146125793457
3306,28.017074584960938
3307,15.703150749206543
3308,18.801677703857422
3309,18.379077911376953
3310,16.364707946777344
3311,11.37680721282959
3312,21.271343231201172
3313,34.17901611328125
3314,47.39893341064453
3315,48.82030487060547
3316,46.80259323120117
3317,44.207523345947266
3318,27.50786781311035
3319,14.63498306274414
3320,16.91276741027832
3321,23.26698112487793
3322,21.606943130493164
3323,16.342060089111328
3324,15.76801586151123
3325,12.977648735046387
3326,8.429285049438477
3327,21.067886352539062
3328,36.217384338378906
3329,40.85628128051758
3330,48.113460540771484
3331,47.780757904052734
3332,25.641613006591797
3333,25.362451553344727
3334,44.859737396240234
3335,47.26136779785156
3336,46.95669174194336
3337,46.59086608886719
3338,43.718326568603516
3339,40.938575744628906
3340,41.41543960571289
3341,40.666221618652344
3342,39.779869079589844
3343,42.63716125488281
3344,32.86201858520508
3345,41.22504806518555
3346,47.344696044921875
3347,48.034175872802734
3348,46.81812286376953
3349,44.33416748046875
3350,25.97692108154297
3351,14.418319702148438
3352,16.583152770996094
3353,13.467209815979004
3354,9.813785552978516
3355,19.84374237060547
3356,35.990745544433594
3357,43.76197814941406
3358,47.798492431640625
3359,48.47016906738281
3360,26.11884880065918
3361,21.560970306396484
3362,22.634323120117188
3363,15.176462173461914
3364,10.830233573913574
3365,21.503007888793945
3366,39.41839599609375
3367,47.701087951660156
3368,44.574546813964844
3369,25.80847930908203
3370,14.754034996032715
3371,38.3333740234375
3372,36.369083404541016
3373,47.732879638671875
3374,48.508846282958984
3375,47.2852783203125
3376,47.28889846801758
3377,24.852571487426758
3378,12.40112018585205
3379,14.744708061218262
3380,19.774709701538086
3381,16.6173152923584
3382,16.564687728881836
3383,14.308570861816406
3384,7.265799045562744
3385,16.311721801757812
3386,31.380104064941406
3387,46.642486572265625
3388,24.064319610595703
3389,21.86458969116211
3390,11.344975471496582
3391,19.657167434692383
3392,34.01930236816406
3393,48.39840316772461
3394,49.55757522583008
3395,48.77930450439453
3396,47.19449234008789
3397,21.935747146606445
3398,21.275087356567383
3399,18.399341583251953
3400,16.959577560424805
3401,16.67862319946289
3402,19.114179611206055
3403,19.170154571533203
3404,27.22064781188965
3405,45.07554626464844
3406,47.788726806640625
3407,47.935306549072266
3408,47.22190856933594
3409,46.034278869628906
3410,44.6837043762207
3411,42.616722106933594
3412,41.13182830810547
3413,39.418880462646484
3414,33.12522888183594
3415,47.78479766845703
3416,45.62470245361328
3417,17.819564819335938
3418,23.7386417388916
3419,17.733089447021484
3420,17.13523292541504
3421,13.647073745727539
3422,12.763291358947754
3423,41.64060974121094
3424,49.269351959228516
3425,49.425785064697266
3426,48.25687789916992
3427,45.744789123535156
3428,30.2686767578125
3429,33.36016082763672
3430,31.27044105529785
3431,25.662588119506836
3432,25.757997512817383
3433,20.975940704345703
3434,19.8674259185791
3435,32.23216247558594
3436,42.090911865234375
3437,47.71270751953125
3438,48.719234466552734
3439,47.46562957763672
3440,47.48521041870117
3441,33.367759704589844
3442,27.073678970336914
3443,25.4749755859375
3444,22.0888729095459
3445,20.59992027282715
3446,32.79854965209961
3447,41.584468841552734
3448,49.253944396972656
3449,48.01580810546875
3450,48.411495208740234
3451,47.496070861816406
3452,45.16152572631836
3453,30.66705894470215
3454,23.458280563354492
3455,20.184741973876953
3456,18.834211349487305
3457,17.262950897216797
3458,11.977583885192871
3459,45.50336456298828
3460,49.16598892211914
3461,48.33913040161133
3462,47.83566665649414
3463,47.348297119140625
3464,17.191970825195312
3465,17.492284774780273
3466,18.6202392578125
3467,18.512548446655273
3468,11.898965835571289
3469,38.53675842285156
3470,48.3282470703125
3471,46.10319900512695
3472,32.22704315185547
3473,24.356904983520508
3474,21.66004753112793
3475,21.59646224975586
3476,33.22429275512695
3477,38.982582092285156
3478,33.30439376831055
3479,44.87459945678711
3480,47.053985595703125
3481,47.03662872314453
3482,46.67600631713867
3483,46.371803283691406
3484,46.3770637512207
3485,47.35847854614258
3486,43.25286102294922
3487,43.854949951171875
3488,39.85196304321289
3489,36.07587814331055
3490,34.13430404663086
3491,43.69255065917969
3492,40.24303436279297
3493,48.341495513916016
3494,47.552982330322266
3495,45.929901123046875
3496,28.292036056518555
3497,21.078996658325195
3498,17.957256317138672
3499,11.907172203063965
3500,23.69266128540039
3501,46.376243591308594
3502,36.41146469116211
3503,41.48706817626953
